{"1": {"action": [-0.07807628366854513, 0.5867365604164771], "state": {"0": [449.4384066084521, 268.87292264519124], "3": [80.0, 80.0], "1": [920.0, 80.0], "2": [920.0, 420.0], "white": [449.4384066084521, 268.87292264519124]}}, "2": {"action": [-0.2491698187632554, 0.2605640895047009], "state": {"0": [681.7280964821935, 119.44086781511301], "3": [80.0, 80.0], "1": [920.0, 80.0], "2": [920.0, 420.0], "white": [681.7280964821935, 119.44086781511301]}}, "3": {"action": [-0.3510568688315825, 0.6417793396870393], "state": {"0": [483.9567918452178, 394.46767100403696], "3": [80.0, 80.0], "1": [920.0, 80.0], "2": [920.0, 420.0], "white": [483.9567918452178, 394.46767100403696]}}, "4": {"action": [0.317652858056217, 0.04650798905734588], "state": {"0": [447.9093645026841, 371.22757124584246], "3": [80.0, 80.0], "1": [920.0, 80.0], "2": [920.0, 420.0], "white": [447.9093645026841, 371.22757124584246]}}, "5": {"action": [0.8672149090520285, 0.5781617145190808], "state": {"0": [128.58786930741033, 277.0415023202232], "3": [80.0, 80.0], "1": [920.0, 80.0], "2": [920.0, 420.0], "white": [128.58786930741033, 277.0415023202232]}}, "6": {"action": [-0.5708325088201476, 0.4977722177719405], "state": {"0": [766.5047625411214, 421.5996502348063], "3": [80.0, 80.0], "1": [920.0, 80.0], "2": [920.0, 420.0], "white": [766.5047625411214, 421.5996502348063]}}, "7": {"action": [0.03166161472946416, 0.8489969937742835], "state": {"0": [647.2390516401074, 113.14887927226961], "3": [80.0, 80.0], "1": [920.0, 80.0], "2": [920.0, 420.0], "white": [647.2390516401074, 113.14887927226961]}}, "8": {"action": [0.696196127159352, 0.009135860706354526], "state": {"0": [647.2941478026064, 113.10986709485631], "3": [80.0, 80.0], "1": [920.0, 80.0], "2": [920.0, 420.0], "white": [647.2941478026064, 113.10986709485631]}}, "9": {"action": [0.867685456935094, 0.2897154920880656], "state": {"3": [80.0, 80.0], "1": [920.0, 80.0], "2": [920.0, 420.0], "0": [266.0, 250.0], "white": [266.0, 250.0]}}}